{"cameraMode":{"drawMode":0,"name":"Shaded","section":"Shading Mode"},"sceneLighting":true,"audioPlay":false,"sceneViewState":{"showFog":false,"showMaterialUpdate":false,"showSkybox":true,"showFlares":false,"showImageEffects":false,"showParticleSystems":false},"in2DMode":false,"pivot":{"x":-2.360597610473633,"y":1.005079746246338,"z":2.194561004638672},"rotation":{"x":-0.010953986085951329,"y":0.9877151250839233,"z":-0.1329602599143982,"w":-0.08137247711420059},"size":7.118031024932861,"orthographic":false}